NAME_2,CC_2
Aceh Barat,1107
Aceh Barat Daya,1112
Aceh Besar,1108
Aceh Jaya,1116
Aceh Selatan,1103
Aceh Singkil,1102
Aceh Tamiang,1114
Aceh Tengah,1106
Aceh Tenggara,1104
Aceh Timur,1105
Aceh Utara,1111
Banda Aceh,1171
Bener Meriah,1117
Bireuen,1110
Gayo Lues,1113
Langsa,1173
Lhokseumawe,1174
Nagan Raya,1115
Pidie,1109
Pidie Jaya,1118
Sabang,1172
Simeulue,1101
Subulussalam,1175
Badung,5103
Bangli,5106
Buleleng,5108
Denpasar,5171
Gianyar,5104
Jembrana,5101
Karangasem,5107
Klungkung,5105
Tabanan,5102
Bangka,1901
Bangka Barat,1903
Bangka Selatan,1905
Bangka Tengah,1904
Belitung,1902
Belitung Timur,1906
Pangkalpinang,1971
Cilegon,3672
Kota Serang,3673
Kota Tangerang,3671
Lebak,3602
Pandeglang,3601
Serang,3604
Tangerang,3603
Tangerang Selatan,3674
Bengkulu,1771
Bengkulu Selatan,1701
Bengkulu Tengah,1709
Bengkulu Utara,1703
Kaur,1704
Kepahiang,1708
Lebong,1707
Mukomuko,1706
Rejang Lebong,1702
Seluma,1705
Boalemo,7501
Bone Bolango,7504
Danau Limboto,7502
Gorontalo,7502
Gorontalo Utara,7505
Kota Gorontalo,7571
Pohuwato,7503
Jakarta Barat,3174
Jakarta Pusat,3173
Jakarta Selatan,3171
Jakarta Timur,3172
Jakarta Utara,3175
Kepulauan Seribu,3101
Batang Hari,1504
Bungo,1509
Jambi,1571
Kerinci,1501
Merangin,1502
Muaro Jambi,1505
Sarolangun,1503
Sungai Penuh,1572
Tanjung Jabung B,1507
Tanjung Jabung T,1506
Tebo,1508
Bandung,3204
Bandung Barat,3217
Banjar,3279
Bekasi,3216
Bogor,3201
Ciamis,3207
Cianjur,3203
Cimahi,3277
Cirebon,3209
Depok,3276
Garut,3205
Indramayu,3212
Karawang,3215
Kota Bandung,3273
Kota Bekasi,3275
Kota Bogor,3271
Kota Cirebon,3274
Kota Sukabumi,3272
Kota Tasikmalaya,3278
Kuningan,3208
Majalengka,3210
Purwakarta,3214
Subang,3213
Sukabumi,3202
Sumedang,3211
Tasikmalaya,3206
Waduk Cirata,3288
Banjarnegara,3304
Banyumas,3302
Batang,3325
Blora,3316
Boyolali,3309
Brebes,3329
Cilacap,3301
Demak,3321
Grobogan,3315
Jepara,3320
Karanganyar,3313
Kebumen,3305
Kendal,3324
Klaten,3310
Kota Magelang,3371
Kota Pekalongan,3375
Kota Semarang,3374
Kota Tegal,3376
Kudus,3319
Magelang,3308
Pati,3318
Pekalongan,3326
Pemalang,3327
Purbalingga,3303
Purworejo,3306
Rembang,3317
Salatiga,3373
Semarang,3322
Sragen,3314
Sukoharjo,3311
Surakarta,3372
Tegal,3328
Temanggung,3323
Waduk Kedungombo,3388
Wonogiri,3312
Wonosobo,3307
Bangkalan,3526
Banyuwangi,3510
Batu,3579
Blitar,3505
Bojonegoro,3522
Bondowoso,3511
Gresik,3525
Jember,3509
Jombang,3517
Kediri,3506
Kota Blitar,3572
Kota Kediri,3571
Kota Madiun,3577
Kota Malang,3573
Kota Mojokerto,3576
Kota Pasuruan,3575
Kota Probolinggo,3574
Lamongan,3524
Lumajang,3508
Madiun,3519
Magetan,3520
Malang,3507
Mojokerto,3516
Nganjuk,3518
Ngawi,3521
Pacitan,3501
Pamekasan,3528
Pasuruan,3514
Ponorogo,3502
Probolinggo,3513
Sampang,3527
Sidoarjo,3515
Situbondo,3512
Sumenep,3529
Surabaya,3578
Trenggalek,3503
Tuban,3523
Tulungagung,3504
Bengkayang,6102
Kapuas Hulu,6108
Kayong Utara,6111
Ketapang,6106
Kota Pontianak,6171
Kubu Raya,6112
Landak,6103
Melawi,6110
Pontianak,6104
Sambas,6101
Sanggau,6105
Sekadau,6109
Singkawang,6172
Sintang,6107
Balangan,6311
Banjar,6303
Banjar Baru,6372
Banjarmasin,6371
Barito Kuala,6304
Hulu Sungai Selatan,6306
Hulu Sungai Tengah,6307
Hulu Sungai Utara,6308
Kota Baru,6302
Tabalong,6309
Tanah Bumbu,6310
Tanah Laut,6301
Tapin,6305
Barito Selatan,6204
Barito Timur,6212
Barito Utara,6205
Gunung Mas,6211
Kapuas,6203
Katingan,6209
Kotawaringin Barat,6201
Kotawaringin Timur,6202
Lamandau,6207
Murung Raya,6213
Palangka Raya,6271
Pulang Pisau,6210
Seruyan,6208
Sukamara,6206
Balikpapan,6471
Berau,6405
Bontang,6474
Kutai Barat,6402
Kutai Kartanegara,6403
Kutai Timur,6404
Paser,6401
Penajam Paser Utara,6409
Samarinda,6472
Bulungan,NA
Malinau,NA
Nunukan,NA
Tana Tidung,NA
Tarakan,NA
Batam,2171
Bintan,2102
Karimun,2101
Kepulauan Anambas,2105
Lingga,2104
Natuna,2103
Tanjungpinang,2172
Bandar Lampung,1871
Lampung Barat,1801
Lampung Selatan,1803
Lampung Tengah,1805
Lampung Timur,1804
Lampung Utara,1806
Mesuji,1811
Metro,1872
Pesawaran,1809
Pringsewu,1810
Tanggamus,1802
Tulang Bawang Barat,1812
Tulangbawang,1808
Way Kanan,1807
Ambon,8171
Buru,8104
Buru Selatan,8109
Kepulauan Aru,8105
Maluku Barat Daya,8108
Maluku Tengah,8103
Maluku Tenggara,8102
Maluku Tenggara Barat,8101
Seram Bagian Barat,8106
Seram Bagian Timur,8107
Tual,8172
Halmahera Barat,8201
Halmahera Selatan,8204
Halmahera Tengah,8202
Halmahera Timur,8206
Halmahera Utara,8205
Kepulauan Sula,8203
Pulau Morotai,8207
Ternate,8271
Tidore Kepulauan,8272
Bima,5206
Dompu,5205
Kota Bima,5272
Lombok Barat,5201
Lombok Tengah,5202
Lombok Timur,5203
Lombok Utara,5208
Mataram,5271
Sumbawa,5204
Sumbawa Barat,5207
Alor,5307
Belu,5306
Ende,5311
Flores Timur,5309
Kota Kupang,5371
Kupang,5303
Lembata,5308
Manggarai,5313
Manggarai Barat,5315
Manggarai Timur,5319
Nagekeo,5318
Ngada,5312
Rote Ndao,5314
Sabu Raijua,5320
Sikka,5310
Sumba Barat,5301
Sumba Barat Daya,5317
Sumba Tengah,5316
Sumba Timur,5302
Timor Tengah Selatan,5304
Timor Tengah Utara,5305
Asmat,9415
Biak Numfor,9409
Boven Digoel,9413
Deiyai,9436
Dogiyai,9434
Intan Jaya,9435
Jayapura,9403
Jayawijaya,9402
Keerom,9420
Kepulauan Yapen,9408
Kota Jayapura,9471
Lanny Jaya,9430
Mamberamo Raya,9428
Mamberamo Tengah,9431
Mappi,9414
Merauke,9401
Mimika,9412
Nabire,9404
Nduga,9429
Paniai,9410
Pegunungan Bintang,9417
Puncak,9433
Puncak Jaya,9411
Sarmi,9419
Supiori,9427
Tolikara,9418
Waropen,9426
Yahukimo,9416
Yalimo,9432
Fakfak,9101
Kaimana,9102
Kota Sorong,9171
Manokwari,9105
Maybrat,9110
Raja Ampat,9108
Sorong,9107
Sorong Selatan,9106
Tambrauw,9109
Teluk Bintuni,9104
Teluk Wondama,9103
Bengkalis,1408
Dumai,1473
Indragiri Hilir,1403
Indragiri Hulu,1402
Kampar,1406
Kepulauan Meranti,1410
Kuantan Singingi,1401
Pekanbaru,1471
Pelalawan,1404
Rokan Hilir,1409
Rokan Hulu,1407
Siak,1405
Majene,7601
Mamasa,7603
Mamuju,7604
Mamuju Utara,7605
Polewali Mandar,7602
Bantaeng,7303
Barru,7310
Bone,7311
Bulukumba,7302
Enrekang,7316
Gowa,7306
Jeneponto,7304
Kepulauan Selayar,7301
Luwu,7317
Luwu Timur,7325
Luwu Utara,7322
Makassar,7371
Maros,7308
Palopo,7373
Pangkajene Dan Kepulauan,7309
Parepare,7372
Pinrang,7315
Sidenreng Rappang,7314
Sinjai,7307
Soppeng,7312
Takalar,7305
Tana Toraja,7318
Toraja Utara,7326
Wajo,7313
Banggai,7202
Banggai Kepulauan,7201
Buol,7207
Donggala,7205
Morowali,7203
Palu,7271
Parigi Moutong,7208
Poso,7204
Sigi,7210
Tojo Una-Una,7209
Toli-Toli,7206
Bau-Bau,7472
Bombana,7406
Buton,7401
Buton Utara,7409
Kendari,7471
Kolaka,7404
Kolaka Utara,7408
Konawe,7403
Konawe Selatan,7405
Konawe Utara,7410
Muna,7402
Wakatobi,7407
Bitung,7172
Bolaang Mongondow,7101
Bolaang Mongondow Selatan,7110
Bolaang Mongondow Timur,7111
Bolaang Mongondow Utara,7107
Kepulauan Sangihe,7103
Kepulauan Talaud,7104
Kotamobagu,7174
Manado,7171
Minahasa,7102
Minahasa Selatan,7105
Minahasa Tenggara,7109
Minahasa Utara,7106
Siau Tagulandang Biaro,7108
Tomohon,7173
Agam,1307
Bukittinggi,1375
Danau,1388
Dharmasraya,1311
Kepulauan Mentawai,1301
Kota Solok,1372
Lima Puluh Kota,1308
Padang,1371
Padang Panjang,1374
Padang Pariaman,1306
Pariaman,1377
Pasaman,1309
Pasaman Barat,1312
Payakumbuh,1376
Pesisir Selatan,1302
Sawahlunto,1373
Sijunjung,1304
Solok,1303
Solok Selatan,1310
Tanah Datar,1305
Banyu Asin,1607
Empat Lawang,1611
Lahat,1604
Lubuklinggau,1674
Muara Enim,1603
Musi Banyuasin,1606
Musi Rawas,1605
Ogan Ilir,1610
Ogan Komering Ilir,1602
Ogan Komering Ulu,1601
Ogan Komering Ulu Selatan,1608
Ogan Komering Ulu Timur,1609
Pagar Alam,1673
Palembang,1671
Prabumulih,1672
Asahan,1208
Batu Bara,1219
Dairi,1210
Deli Serdang,1212
Gunungsitoli,1278
Humbang Hasundutan,1215
Karo,1211
Kota Binjai,1276
Kota Medan,1275
Kota Tanjungbalai,1272
Labuhanbatu,1207
Labuhanbatu Selatan,1222
Labuhanbatu Utara,1223
Lake Toba,NA
Langkat,1213
Mandailing Natal,1202
Nias,1201
Nias Barat,1225
Nias Selatan,1214
Nias Utara,1224
Padang Lawas,1221
Padang Lawas Utara,1220
Padangsidimpuan,1277
Pakpak Barat,1216
Pematangsiantar,1273
Samosir,1217
Serdang Bedagai,1218
Sibolga,1271
Simalungun,1209
Tapanuli Selatan,1203
Tapanuli Tengah,1204
Tapanuli Utara,1205
Tebingtinggi,1274
Toba Samosir,1206
Bantul,3402
Gunung Kidul,3403
Kota Yogyakarta,3471
Kulon Progo,3401
Sleman,3404
